Qty,References,Value,Footprint,Side,Manufacturer,Part,Notes
16,FSR1 FSR2 FSR3 FSR4 FSR5 FSR6 FSR7 FSR8 FSR9 FSR10 FSR11 FSR12 FSR13 FSR14 FSR15 FSR16,,PinHeader_1x02_P2.54mm_Vertical,top (hand),,,Interlink FSR 402 Short: its two solder tabs go through these holes
1,J1,,PinHeader_1x04_P2.54mm_Vertical,top (hand),,,"1 x 4 pin header, 2.54 mm, to the pedal jacks"
8,RV1 RV2 RV3 RV4 RV5 RV6 RV7 RV8,,Potentiometer_Bourns_PTA4543_Single_Slide,top (hand),,,"Bourns PTA4543-2015DPB103 slide fader, 45 mm, 10 kOhm linear"
10,ENC1 ENC2 ENC3 ENC4 ENC5 ENC6 ENC7 ENC8 ENC9 ENC10,,RotaryEncoder_Alps_EC11E-Switch_Vertical_H20mm,top (hand),,,"Alps EC11E-series encoder with push switch, 20 detents, 20 mm shaft"
61,SW1 SW2 SW3 SW4 SW5 SW6 SW7 SW8 SW9 SW10 SW11 SW12 SW13 SW14 SW15 SW16 SW17 SW18 SW19 SW20 SW21 SW22 SW23 SW24 SW25 SW26 SW27 SW28 SW29 SW30 SW31 SW32 SW33 SW34 SW35 SW36 SW37 SW38 SW39 SW40 SW41 SW42 SW43 SW44 SW45 SW46 SW47 SW48 SW49 SW50 SW51 SW52 SW53 SW54 SW55 SW56 SW57 SW58 SW59 SW60 SW61,,SW_PUSH_6mm,top (hand),,,6 x 6 mm through-hole tactile switch (Omron B3F-1000 family; pick the height that meets the caps)
1,C79,1000u 10V,CP_Elec_8x10,bottom (machine),,,"1000 uF 10 V aluminium electrolytic, 8 x 10 mm SMD"
57,C1 C2 C3 C4 C5 C6 C7 C8 C9 C10 C11 C12 C13 C14 C15 C16 C17 C18 C19 C20 C21 C22 C23 C24 C25 C26 C27 C28 C29 C30 C31 C32 C33 C34 C35 C36 C37 C38 C39 C40 C41 C42 C43 C44 C45 C46 C47 C48 C49 C50 C51 C52 C53 C54 C75 C76 C78,100n,C_0603_1608Metric,bottom (machine),Samsung,CL10B104KB8NNNC,
20,C55 C56 C57 C58 C59 C60 C61 C62 C63 C64 C65 C66 C67 C68 C69 C70 C71 C72 C73 C74,10n,C_0603_1608Metric,bottom (machine),Samsung,CL10B103KB8NNNC,
1,C77,10u,C_0805_2012Metric,bottom (machine),Samsung,CL21A106KAYNNNE,
42,D1 D2 D3 D4 D5 D6 D7 D8 D9 D10 D11 D12 D13 D14 D15 D16 D17 D18 D19 D20 D21 D22 D23 D24 D25 D26 D27 D28 D29 D30 D31 D32 D33 D34 D35 D36 D37 D38 D39 D40 D41 D42,SK6812MINI-E,LED_SK6812MINI-E_3.2x2.8mm_P1.5mm_ReverseMount,bottom (machine),Opsco,SK6812MINI-E,
16,R1 R2 R3 R4 R5 R6 R7 R8 R9 R10 R11 R12 R13 R14 R15 R16,10k,R_0603_1608Metric,bottom (machine),Yageo,RC0603FR-0710KL,
1,R17,1k,R_0603_1608Metric,bottom (machine),Yageo,RC0603FR-071KL,
1,R18,100k,R_0603_1608Metric,bottom (machine),Yageo,RC0603FR-07100KL,
1,R19,330,R_0603_1608Metric,bottom (machine),Yageo,RC0603FR-07330RL,
23,RN1 RN2 RN3 RN4 RN5 RN6 RN7 RN8 RN9 RN10 RN11 RN12 RN13 RN14 RN15 RN16 RN17 RN18 RN19 RN20 RN21 RN22 RN23,4x10k,R_Array_Convex_4x0603,bottom (machine),Yageo,YC164-JR-0710KL,
1,U15,Pico 2,RaspberryPi_Pico_SMD,bottom (machine),Raspberry Pi,"Pico 2 (RP2350), soldered by its castellations",
1,U16,74AHCT125,SOIC-14_3.9x8.7mm_P1.27mm,bottom (machine),Texas Instruments,SN74AHCT125DR,
12,U1 U2 U3 U4 U5 U6 U7 U8 U9 U10 U11 U12,74HC165,SOIC-16_3.9x9.9mm_P1.27mm,bottom (machine),Texas Instruments,SN74HC165DR,
2,U13 U14,74HC4067,SOIC-24W_7.5x15.4mm_P1.27mm,bottom (machine),Texas Instruments,CD74HC4067M96,
