Designator,Mid X,Mid Y,Layer,Rotation
C79,55.0000,-42.3000,Bottom,270
C1,35.0000,-47.5000,Bottom,0
C2,66.0000,-47.5000,Bottom,0
C3,81.5000,-47.5000,Bottom,0
C4,35.0000,-64.5000,Bottom,0
C5,50.5000,-64.5000,Bottom,0
C6,66.0000,-64.5000,Bottom,0
C7,126.0000,-55.5000,Bottom,0
C8,139.0000,-55.5000,Bottom,0
C9,152.0000,-55.5000,Bottom,0
C10,126.0000,-69.5000,Bottom,0
C11,139.0000,-69.5000,Bottom,0
C12,152.0000,-69.5000,Bottom,0
C13,45.7500,-137.2000,Bottom,0
C14,75.7500,-137.2000,Bottom,0
C15,105.7500,-137.2000,Bottom,0
C16,135.7500,-137.2000,Bottom,0
C17,165.7500,-137.2000,Bottom,0
C18,195.7500,-137.2000,Bottom,0
C19,225.7500,-137.2000,Bottom,0
C20,255.7500,-137.2000,Bottom,0
C21,48.3536,-205.0536,Bottom,0
C22,78.3536,-205.0536,Bottom,0
C23,108.3536,-205.0536,Bottom,0
C24,138.3536,-205.0536,Bottom,0
C25,168.3536,-205.0536,Bottom,0
C26,198.3536,-205.0536,Bottom,0
C27,228.3536,-205.0536,Bottom,0
C28,258.3536,-205.0536,Bottom,0
C29,48.3536,-237.0536,Bottom,0
C30,78.3536,-237.0536,Bottom,0
C31,108.3536,-237.0536,Bottom,0
C32,138.3536,-237.0536,Bottom,0
C33,168.3536,-237.0536,Bottom,0
C34,198.3536,-237.0536,Bottom,0
C35,228.3536,-237.0536,Bottom,0
C36,258.3536,-237.0536,Bottom,0
C37,286.2500,-137.7000,Bottom,0
C38,309.2500,-137.7000,Bottom,0
C39,286.2500,-148.7000,Bottom,0
C40,309.2500,-148.7000,Bottom,0
C41,286.2500,-242.2000,Bottom,0
C42,309.2500,-242.2000,Bottom,0
C43,60.1763,-69.9956,Bottom,270
C44,116.3505,-49.4758,Bottom,0
C45,196.4375,-49.9375,Bottom,0
C46,231.8109,-56.3927,Bottom,0
C47,230.2837,-74.3582,Bottom,270
C48,57.7500,-107.1250,Bottom,0
C49,111.7500,-101.5625,Bottom,0
C50,150.3593,-108.1646,Bottom,0
C51,204.0000,-103.5000,Bottom,0
C52,259.7500,-104.3125,Bottom,0
C53,293.0000,-141.2500,Bottom,0
C54,299.7500,-211.5000,Bottom,0
C75,155.1823,-220.3536,Bottom,270
C76,159.0000,-155.0000,Bottom,0
C78,45.0000,-58.8000,Bottom,270
C55,97.5000,-72.0000,Bottom,0
C56,116.5000,-72.0000,Bottom,0
C57,171.5000,-64.0000,Bottom,0
C58,190.5000,-64.0000,Bottom,0
C59,29.5000,-109.0000,Bottom,0
C60,48.5000,-109.0000,Bottom,0
C61,64.0000,-109.0000,Bottom,0
C62,78.5000,-109.0000,Bottom,0
C63,89.5000,-109.0000,Bottom,0
C64,106.0000,-113.3301,Bottom,270
C65,121.0000,-109.0000,Bottom,270
C66,138.5000,-109.0000,Bottom,0
C67,146.6809,-107.9739,Bottom,0
C68,168.5000,-109.0000,Bottom,0
C69,179.5000,-109.0000,Bottom,0
C70,198.5000,-106.5000,Bottom,270
C71,213.0000,-109.0000,Bottom,270
C72,228.5000,-109.0000,Bottom,0
C73,239.5000,-109.0000,Bottom,0
C74,252.8618,-106.9479,Bottom,270
C77,251.6954,-163.5116,Bottom,0
D1,35.0000,-43.8000,Bottom,0
D2,66.0000,-43.8000,Bottom,0
D3,81.5000,-43.8000,Bottom,0
D4,35.0000,-60.8000,Bottom,0
D5,50.5000,-60.8000,Bottom,0
D6,66.0000,-60.8000,Bottom,0
D7,126.0000,-51.8000,Bottom,0
D8,139.0000,-51.8000,Bottom,0
D9,152.0000,-51.8000,Bottom,0
D10,126.0000,-65.8000,Bottom,0
D11,139.0000,-65.8000,Bottom,0
D12,152.0000,-65.8000,Bottom,0
D13,45.7500,-132.0000,Bottom,90
D14,75.7500,-132.0000,Bottom,90
D15,105.7500,-132.0000,Bottom,90
D16,135.7500,-132.0000,Bottom,90
D17,165.7500,-132.0000,Bottom,90
D18,195.7500,-132.0000,Bottom,90
D19,225.7500,-132.0000,Bottom,90
D20,255.7500,-132.0000,Bottom,90
D21,48.0000,-201.5000,Bottom,0
D22,78.0000,-201.5000,Bottom,0
D23,108.0000,-201.5000,Bottom,0
D24,138.0000,-201.5000,Bottom,0
D25,168.0000,-201.5000,Bottom,0
D26,198.0000,-201.5000,Bottom,0
D27,228.0000,-201.5000,Bottom,0
D28,258.0000,-201.5000,Bottom,0
D29,48.0000,-233.5000,Bottom,0
D30,78.0000,-233.5000,Bottom,0
D31,108.0000,-233.5000,Bottom,0
D32,138.0000,-233.5000,Bottom,0
D33,168.0000,-233.5000,Bottom,0
D34,198.0000,-233.5000,Bottom,0
D35,228.0000,-233.5000,Bottom,0
D36,258.0000,-233.5000,Bottom,0
D37,286.2500,-132.5000,Bottom,90
D38,309.2500,-132.5000,Bottom,90
D39,286.2500,-143.5000,Bottom,90
D40,309.2500,-143.5000,Bottom,90
D41,286.2500,-237.0000,Bottom,90
D42,309.2500,-237.0000,Bottom,90
R1,44.0000,-222.0000,Bottom,0
R2,74.0000,-222.0000,Bottom,0
R3,104.0000,-222.0000,Bottom,0
R4,134.0000,-222.0000,Bottom,0
R5,164.0000,-222.0000,Bottom,0
R6,194.0000,-222.0000,Bottom,0
R7,224.0000,-222.0000,Bottom,0
R8,254.0000,-222.0000,Bottom,0
R9,44.0000,-254.0000,Bottom,0
R10,74.0000,-254.0000,Bottom,0
R11,104.0000,-254.0000,Bottom,0
R12,134.0000,-254.0000,Bottom,0
R13,164.0000,-254.0000,Bottom,0
R14,194.0000,-254.0000,Bottom,0
R15,224.0000,-254.0000,Bottom,0
R16,254.0000,-254.0000,Bottom,0
R17,300.0000,-188.0000,Bottom,0
R18,300.0000,-191.0000,Bottom,0
R19,41.0000,-51.8000,Bottom,270
RN1,52.8834,-76.2885,Bottom,270
RN2,68.3834,-76.2885,Bottom,270
RN3,110.3505,-56.4758,Bottom,270
RN4,118.7314,-64.1668,Bottom,180
RN5,189.9149,-51.9649,Bottom,270
RN6,202.4375,-56.9375,Bottom,270
RN7,225.8109,-63.3927,Bottom,270
RN8,237.8109,-71.3927,Bottom,270
RN9,221.2837,-81.3582,Bottom,270
RN10,236.7837,-81.3582,Bottom,270
RN11,51.7500,-114.1250,Bottom,270
RN12,63.7500,-112.6250,Bottom,270
RN13,105.7500,-109.0625,Bottom,270
RN14,117.7500,-108.5625,Bottom,270
RN15,144.3593,-115.1646,Bottom,270
RN16,156.3593,-112.6646,Bottom,270
RN17,198.0000,-110.5000,Bottom,270
RN18,210.0000,-110.5000,Bottom,270
RN19,250.9309,-112.3386,Bottom,270
RN20,267.2500,-111.3125,Bottom,270
RN21,287.0000,-152.2500,Bottom,270
RN22,300.0607,-149.3107,Bottom,270
RN23,293.7500,-224.0000,Bottom,270
U15,267.8072,-176.8454,Bottom,180
U16,45.0000,-43.8000,Bottom,180
U1,60.8834,-76.2885,Bottom,180
U2,116.3505,-56.4758,Bottom,270
U3,196.4375,-56.9375,Bottom,270
U4,231.8109,-63.3927,Bottom,270
U5,229.2837,-81.3582,Bottom,180
U6,57.7500,-114.1250,Bottom,270
U7,111.7500,-108.5625,Bottom,270
U8,150.3593,-115.1646,Bottom,270
U9,204.0000,-110.5000,Bottom,270
U10,259.7500,-111.3125,Bottom,180
U11,293.0000,-148.2500,Bottom,270
U12,299.7500,-218.5000,Bottom,270
U13,155.5359,-230.0000,Bottom,180
U14,159.0000,-165.0000,Bottom,270
