Comment,Designator,Footprint,LCSC Part #
1000u 10V,C79,CP_Elec_8x10,C278408
100n,"C1,C2,C3,C4,C5,C6,C7,C8,C9,C10,C11,C12,C13,C14,C15,C16,C17,C18,C19,C20,C21,C22,C23,C24,C25,C26,C27,C28,C29,C30,C31,C32,C33,C34,C35,C36,C37,C38,C39,C40,C41,C42,C43,C44,C45,C46,C47,C48,C49,C50,C51,C52,C53,C54,C75,C76,C78",C_0603_1608Metric,C14663
10n,"C55,C56,C57,C58,C59,C60,C61,C62,C63,C64,C65,C66,C67,C68,C69,C70,C71,C72,C73,C74",C_0603_1608Metric,C57112
10u,C77,C_0805_2012Metric,C15850
SK6812MINI-E,"D1,D2,D3,D4,D5,D6,D7,D8,D9,D10,D11,D12,D13,D14,D15,D16,D17,D18,D19,D20,D21,D22,D23,D24,D25,D26,D27,D28,D29,D30,D31,D32,D33,D34,D35,D36,D37,D38,D39,D40,D41,D42",LED_SK6812MINI-E_3.2x2.8mm_P1.5mm_ReverseMount,C5149201
10k,"R1,R2,R3,R4,R5,R6,R7,R8,R9,R10,R11,R12,R13,R14,R15,R16",R_0603_1608Metric,C25804
1k,R17,R_0603_1608Metric,C21190
100k,R18,R_0603_1608Metric,C25803
330,R19,R_0603_1608Metric,C23138
4x10k,"RN1,RN2,RN3,RN4,RN5,RN6,RN7,RN8,RN9,RN10,RN11,RN12,RN13,RN14,RN15,RN16,RN17,RN18,RN19,RN20,RN21,RN22,RN23",R_Array_Convex_4x0603,C29718
Pico 2,U15,RaspberryPi_Pico_SMD,C41407547
74AHCT125,U16,SOIC-14_3.9x8.7mm_P1.27mm,C155176
74HC165,"U1,U2,U3,U4,U5,U6,U7,U8,U9,U10,U11,U12",SOIC-16_3.9x9.9mm_P1.27mm,C61060
74HC4067,"U13,U14",SOIC-24W_7.5x15.4mm_P1.27mm,C496123
