Ref,Val,Package,PosX,PosY,Rot,Side
"C1","100n","C_0603_1608Metric",35.000000,-47.500000,180.000000,bottom
"C2","100n","C_0603_1608Metric",66.000000,-47.500000,180.000000,bottom
"C3","100n","C_0603_1608Metric",81.500000,-47.500000,180.000000,bottom
"C4","100n","C_0603_1608Metric",35.000000,-64.500000,180.000000,bottom
"C5","100n","C_0603_1608Metric",50.500000,-64.500000,180.000000,bottom
"C6","100n","C_0603_1608Metric",66.000000,-64.500000,180.000000,bottom
"C7","100n","C_0603_1608Metric",126.000000,-55.500000,180.000000,bottom
"C8","100n","C_0603_1608Metric",139.000000,-55.500000,180.000000,bottom
"C9","100n","C_0603_1608Metric",152.000000,-55.500000,180.000000,bottom
"C10","100n","C_0603_1608Metric",126.000000,-69.500000,180.000000,bottom
"C11","100n","C_0603_1608Metric",139.000000,-69.500000,180.000000,bottom
"C12","100n","C_0603_1608Metric",152.000000,-69.500000,180.000000,bottom
"C13","100n","C_0603_1608Metric",45.750000,-137.200000,180.000000,bottom
"C14","100n","C_0603_1608Metric",75.750000,-137.200000,180.000000,bottom
"C15","100n","C_0603_1608Metric",105.750000,-137.200000,180.000000,bottom
"C16","100n","C_0603_1608Metric",135.750000,-137.200000,180.000000,bottom
"C17","100n","C_0603_1608Metric",165.750000,-137.200000,180.000000,bottom
"C18","100n","C_0603_1608Metric",195.750000,-137.200000,180.000000,bottom
"C19","100n","C_0603_1608Metric",225.750000,-137.200000,180.000000,bottom
"C20","100n","C_0603_1608Metric",255.750000,-137.200000,180.000000,bottom
"C21","100n","C_0603_1608Metric",48.353600,-205.053600,180.000000,bottom
"C22","100n","C_0603_1608Metric",78.353600,-205.053600,180.000000,bottom
"C23","100n","C_0603_1608Metric",108.353600,-205.053600,180.000000,bottom
"C24","100n","C_0603_1608Metric",138.353600,-205.053600,180.000000,bottom
"C25","100n","C_0603_1608Metric",168.353600,-205.053600,180.000000,bottom
"C26","100n","C_0603_1608Metric",198.353600,-205.053600,180.000000,bottom
"C27","100n","C_0603_1608Metric",228.353600,-205.053600,180.000000,bottom
"C28","100n","C_0603_1608Metric",258.353600,-205.053600,180.000000,bottom
"C29","100n","C_0603_1608Metric",48.353600,-237.053600,180.000000,bottom
"C30","100n","C_0603_1608Metric",78.353600,-237.053600,180.000000,bottom
"C31","100n","C_0603_1608Metric",108.353600,-237.053600,180.000000,bottom
"C32","100n","C_0603_1608Metric",138.353600,-237.053600,180.000000,bottom
"C33","100n","C_0603_1608Metric",168.353600,-237.053600,180.000000,bottom
"C34","100n","C_0603_1608Metric",198.353600,-237.053600,180.000000,bottom
"C35","100n","C_0603_1608Metric",228.353600,-237.053600,180.000000,bottom
"C36","100n","C_0603_1608Metric",258.353600,-237.053600,180.000000,bottom
"C37","100n","C_0603_1608Metric",286.250000,-137.700000,180.000000,bottom
"C38","100n","C_0603_1608Metric",309.250000,-137.700000,180.000000,bottom
"C39","100n","C_0603_1608Metric",286.250000,-148.700000,180.000000,bottom
"C40","100n","C_0603_1608Metric",309.250000,-148.700000,180.000000,bottom
"C41","100n","C_0603_1608Metric",286.250000,-242.200000,180.000000,bottom
"C42","100n","C_0603_1608Metric",309.250000,-242.200000,180.000000,bottom
"C43","100n","C_0603_1608Metric",60.176300,-69.995600,-90.000000,bottom
"C44","100n","C_0603_1608Metric",116.350500,-49.475800,180.000000,bottom
"C45","100n","C_0603_1608Metric",196.437500,-49.937500,180.000000,bottom
"C46","100n","C_0603_1608Metric",231.810900,-56.392700,180.000000,bottom
"C47","100n","C_0603_1608Metric",230.283700,-74.358200,-90.000000,bottom
"C48","100n","C_0603_1608Metric",57.750000,-107.125000,180.000000,bottom
"C49","100n","C_0603_1608Metric",111.750000,-101.562500,180.000000,bottom
"C50","100n","C_0603_1608Metric",150.359300,-108.164600,180.000000,bottom
"C51","100n","C_0603_1608Metric",204.000000,-103.500000,180.000000,bottom
"C52","100n","C_0603_1608Metric",259.750000,-104.312500,180.000000,bottom
"C53","100n","C_0603_1608Metric",293.000000,-141.250000,180.000000,bottom
"C54","100n","C_0603_1608Metric",299.750000,-211.500000,180.000000,bottom
"C55","10n","C_0603_1608Metric",97.500000,-72.000000,180.000000,bottom
"C56","10n","C_0603_1608Metric",116.500000,-72.000000,180.000000,bottom
"C57","10n","C_0603_1608Metric",171.500000,-64.000000,180.000000,bottom
"C58","10n","C_0603_1608Metric",190.500000,-64.000000,180.000000,bottom
"C59","10n","C_0603_1608Metric",29.500000,-109.000000,180.000000,bottom
"C60","10n","C_0603_1608Metric",48.500000,-109.000000,180.000000,bottom
"C61","10n","C_0603_1608Metric",64.000000,-109.000000,180.000000,bottom
"C62","10n","C_0603_1608Metric",78.500000,-109.000000,180.000000,bottom
"C63","10n","C_0603_1608Metric",89.500000,-109.000000,180.000000,bottom
"C64","10n","C_0603_1608Metric",106.000000,-113.330100,-90.000000,bottom
"C65","10n","C_0603_1608Metric",121.000000,-109.000000,-90.000000,bottom
"C66","10n","C_0603_1608Metric",138.500000,-109.000000,180.000000,bottom
"C67","10n","C_0603_1608Metric",146.680900,-107.973900,180.000000,bottom
"C68","10n","C_0603_1608Metric",168.500000,-109.000000,180.000000,bottom
"C69","10n","C_0603_1608Metric",179.500000,-109.000000,180.000000,bottom
"C70","10n","C_0603_1608Metric",198.500000,-106.500000,-90.000000,bottom
"C71","10n","C_0603_1608Metric",213.000000,-109.000000,-90.000000,bottom
"C72","10n","C_0603_1608Metric",228.500000,-109.000000,180.000000,bottom
"C73","10n","C_0603_1608Metric",239.500000,-109.000000,180.000000,bottom
"C74","10n","C_0603_1608Metric",252.861800,-106.947900,-90.000000,bottom
"C75","100n","C_0603_1608Metric",155.182300,-220.353600,-90.000000,bottom
"C76","100n","C_0603_1608Metric",159.000000,-155.000000,180.000000,bottom
"C77","10u","C_0805_2012Metric",251.695400,-163.511600,180.000000,bottom
"C78","100n","C_0603_1608Metric",45.000000,-58.800000,-90.000000,bottom
"C79","1000u 10V","CP_Elec_8x10",55.000000,-42.300000,-90.000000,bottom
"D1","SK6812MINI-E","LED_SK6812MINI-E_3.2x2.8mm_P1.5mm_ReverseMount",35.000000,-43.800000,180.000000,bottom
"D2","SK6812MINI-E","LED_SK6812MINI-E_3.2x2.8mm_P1.5mm_ReverseMount",66.000000,-43.800000,180.000000,bottom
"D3","SK6812MINI-E","LED_SK6812MINI-E_3.2x2.8mm_P1.5mm_ReverseMount",81.500000,-43.800000,180.000000,bottom
"D4","SK6812MINI-E","LED_SK6812MINI-E_3.2x2.8mm_P1.5mm_ReverseMount",35.000000,-60.800000,180.000000,bottom
"D5","SK6812MINI-E","LED_SK6812MINI-E_3.2x2.8mm_P1.5mm_ReverseMount",50.500000,-60.800000,180.000000,bottom
"D6","SK6812MINI-E","LED_SK6812MINI-E_3.2x2.8mm_P1.5mm_ReverseMount",66.000000,-60.800000,180.000000,bottom
"D7","SK6812MINI-E","LED_SK6812MINI-E_3.2x2.8mm_P1.5mm_ReverseMount",126.000000,-51.800000,180.000000,bottom
"D8","SK6812MINI-E","LED_SK6812MINI-E_3.2x2.8mm_P1.5mm_ReverseMount",139.000000,-51.800000,180.000000,bottom
"D9","SK6812MINI-E","LED_SK6812MINI-E_3.2x2.8mm_P1.5mm_ReverseMount",152.000000,-51.800000,180.000000,bottom
"D10","SK6812MINI-E","LED_SK6812MINI-E_3.2x2.8mm_P1.5mm_ReverseMount",126.000000,-65.800000,180.000000,bottom
"D11","SK6812MINI-E","LED_SK6812MINI-E_3.2x2.8mm_P1.5mm_ReverseMount",139.000000,-65.800000,180.000000,bottom
"D12","SK6812MINI-E","LED_SK6812MINI-E_3.2x2.8mm_P1.5mm_ReverseMount",152.000000,-65.800000,180.000000,bottom
"D13","SK6812MINI-E","LED_SK6812MINI-E_3.2x2.8mm_P1.5mm_ReverseMount",45.750000,-132.000000,90.000000,bottom
"D14","SK6812MINI-E","LED_SK6812MINI-E_3.2x2.8mm_P1.5mm_ReverseMount",75.750000,-132.000000,90.000000,bottom
"D15","SK6812MINI-E","LED_SK6812MINI-E_3.2x2.8mm_P1.5mm_ReverseMount",105.750000,-132.000000,90.000000,bottom
"D16","SK6812MINI-E","LED_SK6812MINI-E_3.2x2.8mm_P1.5mm_ReverseMount",135.750000,-132.000000,90.000000,bottom
"D17","SK6812MINI-E","LED_SK6812MINI-E_3.2x2.8mm_P1.5mm_ReverseMount",165.750000,-132.000000,90.000000,bottom
"D18","SK6812MINI-E","LED_SK6812MINI-E_3.2x2.8mm_P1.5mm_ReverseMount",195.750000,-132.000000,90.000000,bottom
"D19","SK6812MINI-E","LED_SK6812MINI-E_3.2x2.8mm_P1.5mm_ReverseMount",225.750000,-132.000000,90.000000,bottom
"D20","SK6812MINI-E","LED_SK6812MINI-E_3.2x2.8mm_P1.5mm_ReverseMount",255.750000,-132.000000,90.000000,bottom
"D21","SK6812MINI-E","LED_SK6812MINI-E_3.2x2.8mm_P1.5mm_ReverseMount",48.000000,-201.500000,180.000000,bottom
"D22","SK6812MINI-E","LED_SK6812MINI-E_3.2x2.8mm_P1.5mm_ReverseMount",78.000000,-201.500000,180.000000,bottom
"D23","SK6812MINI-E","LED_SK6812MINI-E_3.2x2.8mm_P1.5mm_ReverseMount",108.000000,-201.500000,180.000000,bottom
"D24","SK6812MINI-E","LED_SK6812MINI-E_3.2x2.8mm_P1.5mm_ReverseMount",138.000000,-201.500000,180.000000,bottom
"D25","SK6812MINI-E","LED_SK6812MINI-E_3.2x2.8mm_P1.5mm_ReverseMount",168.000000,-201.500000,180.000000,bottom
"D26","SK6812MINI-E","LED_SK6812MINI-E_3.2x2.8mm_P1.5mm_ReverseMount",198.000000,-201.500000,180.000000,bottom
"D27","SK6812MINI-E","LED_SK6812MINI-E_3.2x2.8mm_P1.5mm_ReverseMount",228.000000,-201.500000,180.000000,bottom
"D28","SK6812MINI-E","LED_SK6812MINI-E_3.2x2.8mm_P1.5mm_ReverseMount",258.000000,-201.500000,180.000000,bottom
"D29","SK6812MINI-E","LED_SK6812MINI-E_3.2x2.8mm_P1.5mm_ReverseMount",48.000000,-233.500000,180.000000,bottom
"D30","SK6812MINI-E","LED_SK6812MINI-E_3.2x2.8mm_P1.5mm_ReverseMount",78.000000,-233.500000,180.000000,bottom
"D31","SK6812MINI-E","LED_SK6812MINI-E_3.2x2.8mm_P1.5mm_ReverseMount",108.000000,-233.500000,180.000000,bottom
"D32","SK6812MINI-E","LED_SK6812MINI-E_3.2x2.8mm_P1.5mm_ReverseMount",138.000000,-233.500000,180.000000,bottom
"D33","SK6812MINI-E","LED_SK6812MINI-E_3.2x2.8mm_P1.5mm_ReverseMount",168.000000,-233.500000,180.000000,bottom
"D34","SK6812MINI-E","LED_SK6812MINI-E_3.2x2.8mm_P1.5mm_ReverseMount",198.000000,-233.500000,180.000000,bottom
"D35","SK6812MINI-E","LED_SK6812MINI-E_3.2x2.8mm_P1.5mm_ReverseMount",228.000000,-233.500000,180.000000,bottom
"D36","SK6812MINI-E","LED_SK6812MINI-E_3.2x2.8mm_P1.5mm_ReverseMount",258.000000,-233.500000,180.000000,bottom
"D37","SK6812MINI-E","LED_SK6812MINI-E_3.2x2.8mm_P1.5mm_ReverseMount",286.250000,-132.500000,90.000000,bottom
"D38","SK6812MINI-E","LED_SK6812MINI-E_3.2x2.8mm_P1.5mm_ReverseMount",309.250000,-132.500000,90.000000,bottom
"D39","SK6812MINI-E","LED_SK6812MINI-E_3.2x2.8mm_P1.5mm_ReverseMount",286.250000,-143.500000,90.000000,bottom
"D40","SK6812MINI-E","LED_SK6812MINI-E_3.2x2.8mm_P1.5mm_ReverseMount",309.250000,-143.500000,90.000000,bottom
"D41","SK6812MINI-E","LED_SK6812MINI-E_3.2x2.8mm_P1.5mm_ReverseMount",286.250000,-237.000000,90.000000,bottom
"D42","SK6812MINI-E","LED_SK6812MINI-E_3.2x2.8mm_P1.5mm_ReverseMount",309.250000,-237.000000,90.000000,bottom
"R1","10k","R_0603_1608Metric",44.000000,-222.000000,180.000000,bottom
"R2","10k","R_0603_1608Metric",74.000000,-222.000000,180.000000,bottom
"R3","10k","R_0603_1608Metric",104.000000,-222.000000,180.000000,bottom
"R4","10k","R_0603_1608Metric",134.000000,-222.000000,180.000000,bottom
"R5","10k","R_0603_1608Metric",164.000000,-222.000000,180.000000,bottom
"R6","10k","R_0603_1608Metric",194.000000,-222.000000,180.000000,bottom
"R7","10k","R_0603_1608Metric",224.000000,-222.000000,180.000000,bottom
"R8","10k","R_0603_1608Metric",254.000000,-222.000000,180.000000,bottom
"R9","10k","R_0603_1608Metric",44.000000,-254.000000,180.000000,bottom
"R10","10k","R_0603_1608Metric",74.000000,-254.000000,180.000000,bottom
"R11","10k","R_0603_1608Metric",104.000000,-254.000000,180.000000,bottom
"R12","10k","R_0603_1608Metric",134.000000,-254.000000,180.000000,bottom
"R13","10k","R_0603_1608Metric",164.000000,-254.000000,180.000000,bottom
"R14","10k","R_0603_1608Metric",194.000000,-254.000000,180.000000,bottom
"R15","10k","R_0603_1608Metric",224.000000,-254.000000,180.000000,bottom
"R16","10k","R_0603_1608Metric",254.000000,-254.000000,180.000000,bottom
"R17","1k","R_0603_1608Metric",300.000000,-188.000000,180.000000,bottom
"R18","100k","R_0603_1608Metric",300.000000,-191.000000,180.000000,bottom
"R19","330","R_0603_1608Metric",41.000000,-51.800000,-90.000000,bottom
"RN1","4x10k","R_Array_Convex_4x0603",52.883400,-76.288500,180.000000,bottom
"RN2","4x10k","R_Array_Convex_4x0603",68.383400,-76.288500,180.000000,bottom
"RN3","4x10k","R_Array_Convex_4x0603",110.350500,-56.475800,180.000000,bottom
"RN4","4x10k","R_Array_Convex_4x0603",118.731400,-64.166800,-90.000000,bottom
"RN5","4x10k","R_Array_Convex_4x0603",189.914900,-51.964900,180.000000,bottom
"RN6","4x10k","R_Array_Convex_4x0603",202.437500,-56.937500,180.000000,bottom
"RN7","4x10k","R_Array_Convex_4x0603",225.810900,-63.392700,180.000000,bottom
"RN8","4x10k","R_Array_Convex_4x0603",237.810900,-71.392700,180.000000,bottom
"RN9","4x10k","R_Array_Convex_4x0603",221.283700,-81.358200,180.000000,bottom
"RN10","4x10k","R_Array_Convex_4x0603",236.783700,-81.358200,180.000000,bottom
"RN11","4x10k","R_Array_Convex_4x0603",51.750000,-114.125000,180.000000,bottom
"RN12","4x10k","R_Array_Convex_4x0603",63.750000,-112.625000,180.000000,bottom
"RN13","4x10k","R_Array_Convex_4x0603",105.750000,-109.062500,180.000000,bottom
"RN14","4x10k","R_Array_Convex_4x0603",117.750000,-108.562500,180.000000,bottom
"RN15","4x10k","R_Array_Convex_4x0603",144.359300,-115.164600,180.000000,bottom
"RN16","4x10k","R_Array_Convex_4x0603",156.359300,-112.664600,180.000000,bottom
"RN17","4x10k","R_Array_Convex_4x0603",198.000000,-110.500000,180.000000,bottom
"RN18","4x10k","R_Array_Convex_4x0603",210.000000,-110.500000,180.000000,bottom
"RN19","4x10k","R_Array_Convex_4x0603",250.930900,-112.338600,180.000000,bottom
"RN20","4x10k","R_Array_Convex_4x0603",267.250000,-111.312500,180.000000,bottom
"RN21","4x10k","R_Array_Convex_4x0603",287.000000,-152.250000,180.000000,bottom
"RN22","4x10k","R_Array_Convex_4x0603",300.060700,-149.310700,180.000000,bottom
"RN23","4x10k","R_Array_Convex_4x0603",293.750000,-224.000000,180.000000,bottom
"U1","74HC165","SOIC-16_3.9x9.9mm_P1.27mm",60.883400,-76.288500,-90.000000,bottom
"U2","74HC165","SOIC-16_3.9x9.9mm_P1.27mm",116.350500,-56.475800,180.000000,bottom
"U3","74HC165","SOIC-16_3.9x9.9mm_P1.27mm",196.437500,-56.937500,180.000000,bottom
"U4","74HC165","SOIC-16_3.9x9.9mm_P1.27mm",231.810900,-63.392700,180.000000,bottom
"U5","74HC165","SOIC-16_3.9x9.9mm_P1.27mm",229.283700,-81.358200,-90.000000,bottom
"U6","74HC165","SOIC-16_3.9x9.9mm_P1.27mm",57.750000,-114.125000,180.000000,bottom
"U7","74HC165","SOIC-16_3.9x9.9mm_P1.27mm",111.750000,-108.562500,180.000000,bottom
"U8","74HC165","SOIC-16_3.9x9.9mm_P1.27mm",150.359300,-115.164600,180.000000,bottom
"U9","74HC165","SOIC-16_3.9x9.9mm_P1.27mm",204.000000,-110.500000,180.000000,bottom
"U10","74HC165","SOIC-16_3.9x9.9mm_P1.27mm",259.750000,-111.312500,-90.000000,bottom
"U11","74HC165","SOIC-16_3.9x9.9mm_P1.27mm",293.000000,-148.250000,180.000000,bottom
"U12","74HC165","SOIC-16_3.9x9.9mm_P1.27mm",299.750000,-218.500000,180.000000,bottom
"U13","74HC4067","SOIC-24W_7.5x15.4mm_P1.27mm",155.535900,-230.000000,-90.000000,bottom
"U14","74HC4067","SOIC-24W_7.5x15.4mm_P1.27mm",159.000000,-165.000000,180.000000,bottom
"U15","Pico 2","RaspberryPi_Pico_SMD",267.807200,-176.845400,-90.000000,bottom
"U16","74AHCT125","SOIC-14_3.9x8.7mm_P1.27mm",45.000000,-43.800000,-90.000000,bottom
